<?xml version="1.0" encoding="ISO-8859-1" ?>
<!DOCTYPE struts-config PUBLIC
          "-//Apache Software Foundation//DTD Struts Configuration 1.2//EN"
          "http://jakarta.apache.org/struts/dtds/struts-config_1_2.dtd">

<struts-config>
	<form-beans>
		<form-bean name="RF" type="com.arun.form.UserForm" />
		<form-bean name="DF"
			type="com.arun.form.DeleteAndUpdateForm" />
		<form-bean name="EmpForm" type="com.arun.form.EmployeeForm" />
		<form-bean name="userUpload" type="com.arun.form.User" />
	</form-beans>



	<global-exceptions>

			 <exception
            key="error.arithmetic.zero.divide"
            type="java.lang.ArithmeticException"
            path="/error.jsp">
            
            
            </exception>
            
             <exception
            key="error.salary.invalid"
            type="com.arun.exception.SalaryInvalidException"
            handler="com.arun.handler.SalaryInvalidExceptionHandler"
            path="/salaryInvalid.jsp">
            
            
            </exception>

	</global-exceptions>



	<global-forwards>



	</global-forwards>



	<action-mappings>
		<action path="/reg" name="RF" type="com.arun.action.UserAction">
			<forward name="success" path="/success.jsp" />
			<forward name="failure" path="/failure.jsp" />

		</action>
		<action path="/peg" type="com.arun.action.PagerAction">
			<forward name="success" path="/employeeDisplay.jsp" />
		</action>

		<action path="/del" name="DF"
			type="com.arun.action.EmployeeDeleteAction">
			<forward name="success" path="/employeeDisplay.jsp" />
		</action>

		<action path="/upd" name="DF"
			type="com.arun.action.EmployeeUpdateAction">
			<forward name="success" path="/employeeUpdate.jsp" />
		</action>

		<action path="/uemp" name="EmpForm"
			type="com.arun.action.GenerateUpdateAction">
			<forward name="success" path="/employeeDisplay.jsp" />
		</action>

		<action path="/addemp" name="EmpForm"
			type="com.arun.action.EmployeeInsertAction" validate="true"
			input="/employeeInsert.jsp">
		<!-- 	<forward name="success" path="/employeeDisplay1.jsp" /> -->
				<forward name="success" path="/tiles/Home.jsp" />
		</action>

		<action path="/dis" name="DF"
			type="com.arun.action.DispatchDemo" parameter="n1">
			<forward name="success" path="/success.jsp" />
		</action>

		<action path="/lact"
			type="org.apache.struts.actions.ForwardAction"
			parameter="/success.jsp">

		</action>
		
		<action path="/clang" type="com.arun.action.LocaleAction">
		<forward name="success" path="/employeeInsert.jsp" />

		</action>
		
		<action path="/upload" name="userUpload"
			type="com.arun.action.UploadAction" >
			<forward name="success" path="/fileDisplay.jsp" />
		</action>
		
		<action path="/clayout"  parameter="method"
			type="com.arun.action.LayoutAction" >
			<forward name="body" path="blayout" />
			<forward name="mody" path="mlayout" />
		</action>
		
		
		<action path="/secure"  
			type="com.arun.action.MySecureAction" >
			<forward name="success" path="/security/success.jsp" />
			<forward name="logon" path="/security/logon.jsp" />
		</action>
		
		
		
	</action-mappings>

	<!-- <message-resources parameter="application"></message-resources> -->

	<controller
		processorClass="org.apache.struts.tiles.TilesRequestProcessor" />
	<message-resources parameter="application"></message-resources>




	<plug-in className="org.apache.struts.tiles.TilesPlugin">
		<set-property property="definitions-config"
			value="/WEB-INF/tiles-defs.xml" />
		<set-property property="moduleAware" value="true" />
	</plug-in>



	<!-- ========================= Validator plugin ================================= -->
	<plug-in
		className="org.apache.struts.validator.ValidatorPlugIn">
		<set-property property="pathnames"
			value="/WEB-INF/validator-rules.xml,/WEB-INF/validation.xml" />
	</plug-in>


</struts-config>